,date,Hubei,Italy,Guangdong,Henan,Zhejiang,Hunan,Anhui,Jiangxi,Shandong,Jiangsu,Chongqing,Sichuan,Heilongjiang,Beijing,Shanghai,Hebei,Fujian,Guangxi,Shaanxi,Yunnan,Hainan,Guizhou,Tianjin,Shanxi,Liaoning,Gansu,Jilin,Hong Kong,Xinjiang,Ningxia,Washington,New York,California,Qinghai,Massachusetts,Macau,Colorado,Florida,Illinois,Georgia,New Jersey,Texas,Louisiana,Pennsylvania,Oregon,Virginia,Tennessee,Maryland,Iowa,North Carolina,Nevada,Wisconsin,South Carolina,Indiana,Kentucky,Minnesota,Ohio,Rhode Island,Nebraska,District of Columbia,Michigan,Arizona,Connecticut,South Dakota,Tibet,Utah,New Hampshire,New Mexico,Arkansas,Kansas,Oklahoma,Hawaii,Delaware,Vermont,Alabama,Missouri,Montana,Mississippi,Maine,Wyoming,North Dakota,Idaho,Alaska,West Virginia
0,2020-02-12,1068,0,1,8,0,2,4,1,2,0,3,1,8,3,1,2,0,1,0,0,4,1,2,0,1,2,1,1,0,0,0,0,0,0,0,0,0,0,0,0,0,0,0,0,0,0,0,0,0,0,0,0,0,0,0,0,0,0,0,0,0,0,0,0,0,0,0,0,0,0,0,0,0,0,0,0,0,0,0,0,0,0,0,0
1,2020-02-13,1310,0,2,10,0,2,5,1,2,0,4,1,9,3,1,3,0,2,0,0,4,1,3,0,1,2,1,1,1,0,0,0,0,0,0,0,0,0,0,0,0,0,0,0,0,0,0,0,0,0,0,0,0,0,0,0,0,0,0,0,0,0,0,0,0,0,0,0,0,0,0,0,0,0,0,0,0,0,0,0,0,0,0,0
2,2020-02-14,1457,0,2,11,0,2,6,1,2,0,5,1,11,3,1,3,0,2,0,0,4,1,3,0,1,2,1,1,1,0,0,0,0,0,0,0,0,0,0,0,0,0,0,0,0,0,0,0,0,0,0,0,0,0,0,0,0,0,0,0,0,0,0,0,0,0,0,0,0,0,0,0,0,0,0,0,0,0,0,0,0,0,0,0
3,2020-02-15,1596,0,2,13,0,2,6,1,2,0,5,1,11,4,1,3,0,2,0,0,4,1,3,0,1,2,1,1,1,0,0,0,0,0,0,0,0,0,0,0,0,0,0,0,0,0,0,0,0,0,0,0,0,0,0,0,0,0,0,0,0,0,0,0,0,0,0,0,0,0,0,0,0,0,0,0,0,0,0,0,0,0,0,0
4,2020-02-16,1696,0,2,13,0,3,6,1,2,0,5,3,11,4,1,3,0,2,0,0,4,1,3,0,1,2,1,1,1,0,0,0,0,0,0,0,0,0,0,0,0,0,0,0,0,0,0,0,0,0,0,0,0,0,0,0,0,0,0,0,0,0,0,0,0,0,0,0,0,0,0,0,0,0,0,0,0,0,0,0,0,0,0,0
5,2020-02-17,1789,0,4,16,0,3,6,1,2,0,5,3,11,4,1,3,0,2,0,0,4,1,3,0,1,2,1,1,1,0,0,0,0,0,0,0,0,0,0,0,0,0,0,0,0,0,0,0,0,0,0,0,0,0,0,0,0,0,0,0,0,0,0,0,0,0,0,0,0,0,0,0,0,0,0,0,0,0,0,0,0,0,0,0
6,2020-02-18,1921,0,4,19,0,4,6,1,3,0,5,3,11,4,1,4,0,2,0,0,4,2,3,0,1,2,1,1,1,0,0,0,0,0,0,0,0,0,0,0,0,0,0,0,0,0,0,0,0,0,0,0,0,0,0,0,0,0,0,0,0,0,0,0,0,0,0,0,0,0,0,0,0,0,0,0,0,0,0,0,0,0,0,0
7,2020-02-19,2029,0,5,19,0,4,6,1,3,0,5,3,12,4,2,4,0,2,0,1,4,2,3,0,1,2,1,2,1,0,0,0,0,0,0,0,0,0,0,0,0,0,0,0,0,0,0,0,0,0,0,0,0,0,0,0,0,0,0,0,0,0,0,0,0,0,0,0,0,0,0,0,0,0,0,0,0,0,0,0,0,0,0,0
8,2020-02-20,2144,0,5,19,1,4,6,1,4,0,6,3,12,4,2,5,1,2,1,2,4,2,3,0,1,2,1,2,1,0,0,0,0,0,0,0,0,0,0,0,0,0,0,0,0,0,0,0,0,0,0,0,0,0,0,0,0,0,0,0,0,0,0,0,0,0,0,0,0,0,0,0,0,0,0,0,0,0,0,0,0,0,0,0
9,2020-02-21,2144,1,5,19,1,4,6,1,4,0,6,3,12,4,2,5,1,2,1,2,4,2,3,0,1,2,1,2,1,0,0,0,0,0,0,0,0,0,0,0,0,0,0,0,0,0,0,0,0,0,0,0,0,0,0,0,0,0,0,0,0,0,0,0,0,0,0,0,0,0,0,0,0,0,0,0,0,0,0,0,0,0,0,0
10,2020-02-22,2346,2,5,19,1,4,6,1,4,0,6,3,12,4,3,6,1,2,1,2,4,2,3,0,1,2,1,2,2,0,0,0,0,0,0,0,0,0,0,0,0,0,0,0,0,0,0,0,0,0,0,0,0,0,0,0,0,0,0,0,0,0,0,0,0,0,0,0,0,0,0,0,0,0,0,0,0,0,0,0,0,0,0,0
11,2020-02-23,2346,3,6,19,1,4,6,1,4,0,6,3,12,4,3,6,1,2,1,2,5,2,3,0,1,2,1,2,2,0,0,0,0,0,0,0,0,0,0,0,0,0,0,0,0,0,0,0,0,0,0,0,0,0,0,0,0,0,0,0,0,0,0,0,0,0,0,0,0,0,0,0,0,0,0,0,0,0,0,0,0,0,0,0
12,2020-02-24,2495,7,6,19,1,4,6,1,5,0,6,3,12,4,3,6,1,2,1,2,5,2,3,0,1,2,1,2,2,0,0,0,0,0,0,0,0,0,0,0,0,0,0,0,0,0,0,0,0,0,0,0,0,0,0,0,0,0,0,0,0,0,0,0,0,0,0,0,0,0,0,0,0,0,0,0,0,0,0,0,0,0,0,0
13,2020-02-25,2563,10,7,19,1,4,6,1,6,0,6,3,12,4,3,6,1,2,1,2,5,2,3,0,1,2,1,2,2,0,0,0,0,0,0,0,0,0,0,0,0,0,0,0,0,0,0,0,0,0,0,0,0,0,0,0,0,0,0,0,0,0,0,0,0,0,0,0,0,0,0,0,0,0,0,0,0,0,0,0,0,0,0,0
14,2020-02-26,2615,12,7,19,1,4,6,1,6,0,6,3,12,4,3,6,1,2,1,2,5,2,3,0,1,2,1,2,2,0,0,0,0,0,0,0,0,0,0,0,0,0,0,0,0,0,0,0,0,0,0,0,0,0,0,0,0,0,0,0,0,0,0,0,0,0,0,0,0,0,0,0,0,0,0,0,0,0,0,0,0,0,0,0
15,2020-02-27,2641,17,7,20,1,4,6,1,6,0,6,3,13,5,3,6,1,2,1,2,5,2,3,0,1,2,1,2,2,0,0,0,0,0,0,0,0,0,0,0,0,0,0,0,0,0,0,0,0,0,0,0,0,0,0,0,0,0,0,0,0,0,0,0,0,0,0,0,0,0,0,0,0,0,0,0,0,0,0,0,0,0,0,0
16,2020-02-28,2682,21,7,20,1,4,6,1,6,0,6,3,13,7,3,6,1,2,1,2,5,2,3,0,1,2,1,2,3,0,0,0,0,0,0,0,0,0,0,0,0,0,0,0,0,0,0,0,0,0,0,0,0,0,0,0,0,0,0,0,0,0,0,0,0,0,0,0,0,0,0,0,0,0,0,0,0,0,0,0,0,0,0,0
17,2020-02-29,2727,29,7,21,1,4,6,1,6,0,6,3,13,8,3,6,1,2,1,2,5,2,3,0,1,2,1,2,3,0,0,0,0,0,0,0,0,0,0,0,0,0,0,0,0,0,0,0,0,0,0,0,0,0,0,0,0,0,0,0,0,0,0,0,0,0,0,0,0,0,0,0,0,0,0,0,0,0,0,0,0,0,0,0
18,2020-03-01,2761,34,7,22,1,4,6,1,6,0,6,3,13,8,3,6,1,2,1,2,5,2,3,0,1,2,1,2,3,0,0,0,0,0,0,0,0,0,0,0,0,0,0,0,0,0,0,0,0,0,0,0,0,0,0,0,0,0,0,0,0,0,0,0,0,0,0,0,0,0,0,0,0,0,0,0,0,0,0,0,0,0,0,0
19,2020-03-02,2803,52,7,22,1,4,6,1,6,0,6,3,13,8,3,6,1,2,1,2,5,2,3,0,1,2,1,2,3,0,0,0,0,0,0,0,0,0,0,0,0,0,0,0,0,0,0,0,0,0,0,0,0,0,0,0,0,0,0,0,0,0,0,0,0,0,0,0,0,0,0,0,0,0,0,0,0,0,0,0,0,0,0,0
20,2020-03-03,2835,79,7,22,1,4,6,1,6,0,6,3,13,8,3,6,1,2,1,2,5,2,3,0,1,2,1,2,3,0,0,0,0,0,0,0,0,0,0,0,0,0,0,0,0,0,0,0,0,0,0,0,0,0,0,0,0,0,0,0,0,0,0,0,0,0,0,0,0,0,0,0,0,0,0,0,0,0,0,0,0,0,0,0
21,2020-03-04,2871,107,7,22,1,4,6,1,6,0,6,3,13,8,3,6,1,2,1,2,5,2,3,0,1,2,1,2,3,0,0,0,0,0,0,0,0,0,0,0,0,0,0,0,0,0,0,0,0,0,0,0,0,0,0,0,0,0,0,0,0,0,0,0,0,0,0,0,0,0,0,0,0,0,0,0,0,0,0,0,0,0,0,0
22,2020-03-05,2902,148,7,22,1,4,6,1,6,0,6,3,13,8,3,6,1,2,1,2,6,2,3,0,1,2,1,2,3,0,0,0,0,0,0,0,0,0,0,0,0,0,0,0,0,0,0,0,0,0,0,0,0,0,0,0,0,0,0,0,0,0,0,0,0,0,0,0,0,0,0,0,0,0,0,0,0,0,0,0,0,0,0,0
23,2020-03-06,2931,197,7,22,1,4,6,1,6,0,6,3,13,8,3,6,1,2,1,2,6,2,3,0,1,2,1,2,3,0,0,0,0,0,0,0,0,0,0,0,0,0,0,0,0,0,0,0,0,0,0,0,0,0,0,0,0,0,0,0,0,0,0,0,0,0,0,0,0,0,0,0,0,0,0,0,0,0,0,0,0,0,0,0
24,2020-03-07,2959,233,7,22,1,4,6,1,6,0,6,3,13,8,3,6,1,2,1,2,6,2,3,0,1,2,1,2,3,0,0,0,0,0,0,0,0,0,0,0,0,0,0,0,0,0,0,0,0,0,0,0,0,0,0,0,0,0,0,0,0,0,0,0,0,0,0,0,0,0,0,0,0,0,0,0,0,0,0,0,0,0,0,0
25,2020-03-08,2986,366,7,22,1,4,6,1,6,0,6,3,13,8,3,6,1,2,1,2,6,2,3,0,1,2,1,3,3,0,0,0,0,0,0,0,0,0,0,0,0,0,0,0,0,0,0,0,0,0,0,0,0,0,0,0,0,0,0,0,0,0,0,0,0,0,0,0,0,0,0,0,0,0,0,0,0,0,0,0,0,0,0,0
26,2020-03-09,3008,463,8,22,1,4,6,1,6,0,6,3,13,8,3,6,1,2,1,2,6,2,3,0,1,2,1,3,3,0,0,0,0,0,0,0,0,0,0,0,0,0,0,0,0,0,0,0,0,0,0,0,0,0,0,0,0,0,0,0,0,0,0,0,0,0,0,0,0,0,0,0,0,0,0,0,0,0,0,0,0,0,0,0
27,2020-03-10,3024,631,8,22,1,4,6,1,6,0,6,3,13,8,3,6,1,2,1,2,6,2,3,0,1,2,1,3,3,0,23,0,2,0,0,0,0,2,0,0,1,0,0,0,0,0,0,0,0,0,0,0,0,0,0,0,0,0,0,0,0,0,0,0,0,0,0,0,0,0,0,0,0,0,0,0,0,0,0,0,0,0,0,0
28,2020-03-11,3046,827,8,22,1,4,6,1,6,0,6,3,13,8,3,6,1,2,1,2,6,2,3,0,1,2,1,3,3,0,29,0,3,0,0,0,0,2,0,0,1,0,0,0,0,0,0,0,0,0,0,0,0,0,0,0,0,0,0,0,0,0,0,1,0,0,0,0,0,0,0,0,0,0,0,0,0,0,0,0,0,0,0,0
29,2020-03-12,3056,827,8,22,1,4,6,1,6,0,6,3,13,8,3,6,1,2,2,2,6,2,3,0,1,2,1,3,3,0,31,0,4,0,0,0,0,2,0,1,1,0,0,0,0,0,0,0,0,0,0,0,0,0,0,0,0,0,0,0,0,0,0,1,0,0,0,0,0,0,0,0,0,0,0,0,0,0,0,0,0,0,0,0
30,2020-03-13,3062,1266,8,22,1,4,6,1,7,0,6,3,13,8,3,6,1,2,2,2,6,2,3,0,1,2,1,4,3,0,37,0,4,0,0,0,0,2,0,1,1,0,0,0,0,0,0,0,0,0,0,0,0,0,0,0,0,0,0,0,0,0,0,1,0,0,0,0,0,1,0,0,0,0,0,0,0,0,0,0,0,0,0,0
31,2020-03-14,3075,1441,8,22,1,4,6,1,7,0,6,3,13,8,3,6,1,2,2,2,6,2,3,0,1,2,1,4,3,0,37,2,5,0,0,0,1,3,0,1,1,0,1,0,0,1,0,0,0,0,0,0,0,0,0,0,0,0,0,0,0,0,0,1,0,0,0,0,0,1,0,0,0,0,0,0,0,0,0,0,0,0,0,0
