,date,Hubei,Italy,"Korea, South",Guangdong,Henan,Zhejiang,Hunan,Anhui,Jiangxi,Shandong,Jiangsu,Chongqing,Sichuan,Heilongjiang,Beijing,USA,Shanghai,Fujian,Hebei,Guangxi,Shaanxi,Yunnan,Hainan,Guizhou,Shanxi,Tianjin,Liaoning,Gansu,Jilin,Washington,Hong Kong,New York,Xinjiang,Ningxia,California,Massachusetts,Qinghai,Colorado,Macau,Florida,New Jersey,Georgia,Illinois,Louisiana,Texas,Pennsylvania,Virginia,Oregon,Tennessee,Maryland,Wisconsin,North Carolina,Minnesota,Ohio,Nevada,Michigan,South Carolina,Iowa,Indiana,Connecticut,Utah,Kentucky,Rhode Island,District of Columbia,Nebraska,Arizona,Arkansas,New Hampshire,New Mexico,South Dakota,Alabama,Tibet,Kansas,Maine,Vermont,Mississippi,Oklahoma,Delaware,Hawaii,Montana,Missouri,Idaho,Wyoming,North Dakota,Alaska,West Virginia
0,2020-01-22,17,0,0,0,0,0,0,0,0,0,0,0,0,0,0,0,0,0,0,0,0,0,0,0,0,0,0,0,0,0,0,0,0,0,0,0,0,0,0,0,0,0,0,0,0,0,0,0,0,0,0,0,0,0,0,0,0,0,0,0,0,0,0,0,0,0,0,0,0,0,0,0,0,0,0,0,0,0,0,0,0,0,0,0,0,0
1,2020-01-23,17,0,0,0,0,0,0,0,0,0,0,0,0,0,0,0,0,0,1,0,0,0,0,0,0,0,0,0,0,0,0,0,0,0,0,0,0,0,0,0,0,0,0,0,0,0,0,0,0,0,0,0,0,0,0,0,0,0,0,0,0,0,0,0,0,0,0,0,0,0,0,0,0,0,0,0,0,0,0,0,0,0,0,0,0,0
2,2020-01-24,24,0,0,0,0,0,0,0,0,0,0,0,0,1,0,0,0,0,1,0,0,0,0,0,0,0,0,0,0,0,0,0,0,0,0,0,0,0,0,0,0,0,0,0,0,0,0,0,0,0,0,0,0,0,0,0,0,0,0,0,0,0,0,0,0,0,0,0,0,0,0,0,0,0,0,0,0,0,0,0,0,0,0,0,0,0
3,2020-01-25,40,0,0,0,0,0,0,0,0,0,0,0,0,1,0,0,0,0,1,0,0,0,0,0,0,0,0,0,0,0,0,0,0,0,0,0,0,0,0,0,0,0,0,0,0,0,0,0,0,0,0,0,0,0,0,0,0,0,0,0,0,0,0,0,0,0,0,0,0,0,0,0,0,0,0,0,0,0,0,0,0,0,0,0,0,0
4,2020-01-26,52,0,0,0,1,0,0,0,0,0,0,0,0,1,0,0,1,0,1,0,0,0,0,0,0,0,0,0,0,0,0,0,0,0,0,0,0,0,0,0,0,0,0,0,0,0,0,0,0,0,0,0,0,0,0,0,0,0,0,0,0,0,0,0,0,0,0,0,0,0,0,0,0,0,0,0,0,0,0,0,0,0,0,0,0,0
5,2020-01-27,76,0,0,0,1,0,0,0,0,0,0,0,0,1,1,0,1,0,1,0,0,0,1,0,0,0,0,0,0,0,0,0,0,0,0,0,0,0,0,0,0,0,0,0,0,0,0,0,0,0,0,0,0,0,0,0,0,0,0,0,0,0,0,0,0,0,0,0,0,0,0,0,0,0,0,0,0,0,0,0,0,0,0,0,0,0
6,2020-01-28,125,0,0,0,1,0,0,0,0,0,0,0,0,1,1,0,1,0,1,0,0,0,1,0,0,0,0,0,0,0,0,0,0,0,0,0,0,0,0,0,0,0,0,0,0,0,0,0,0,0,0,0,0,0,0,0,0,0,0,0,0,0,0,0,0,0,0,0,0,0,0,0,0,0,0,0,0,0,0,0,0,0,0,0,0,0
7,2020-01-29,125,0,0,0,2,0,0,0,0,0,0,0,1,1,1,0,1,0,1,0,0,0,1,0,0,0,0,0,0,0,0,0,0,0,0,0,0,0,0,0,0,0,0,0,0,0,0,0,0,0,0,0,0,0,0,0,0,0,0,0,0,0,0,0,0,0,0,0,0,0,0,0,0,0,0,0,0,0,0,0,0,0,0,0,0,0
8,2020-01-30,162,0,0,0,2,0,0,0,0,0,0,0,1,2,1,0,1,0,1,0,0,0,1,0,0,0,0,0,0,0,0,0,0,0,0,0,0,0,0,0,0,0,0,0,0,0,0,0,0,0,0,0,0,0,0,0,0,0,0,0,0,0,0,0,0,0,0,0,0,0,0,0,0,0,0,0,0,0,0,0,0,0,0,0,0,0
9,2020-01-31,204,0,0,0,2,0,0,0,0,0,0,0,1,2,1,0,1,0,1,0,0,0,1,0,0,0,0,0,0,0,0,0,0,0,0,0,0,0,0,0,0,0,0,0,0,0,0,0,0,0,0,0,0,0,0,0,0,0,0,0,0,0,0,0,0,0,0,0,0,0,0,0,0,0,0,0,0,0,0,0,0,0,0,0,0,0
10,2020-02-01,249,0,0,0,2,0,0,0,0,0,0,1,1,2,1,0,1,0,1,0,0,0,1,0,0,0,0,0,0,0,0,0,0,0,0,0,0,0,0,0,0,0,0,0,0,0,0,0,0,0,0,0,0,0,0,0,0,0,0,0,0,0,0,0,0,0,0,0,0,0,0,0,0,0,0,0,0,0,0,0,0,0,0,0,0,0
11,2020-02-02,350,0,0,0,2,0,0,0,0,0,0,2,1,2,1,0,1,0,1,0,0,0,1,0,0,0,0,0,0,0,0,0,0,0,0,0,0,0,0,0,0,0,0,0,0,0,0,0,0,0,0,0,0,0,0,0,0,0,0,0,0,0,0,0,0,0,0,0,0,0,0,0,0,0,0,0,0,0,0,0,0,0,0,0,0,0
12,2020-02-03,414,0,0,0,2,0,0,0,0,0,0,2,1,2,1,0,1,0,1,0,0,0,1,0,0,0,0,0,0,0,0,0,0,0,0,0,0,0,0,0,0,0,0,0,0,0,0,0,0,0,0,0,0,0,0,0,0,0,0,0,0,0,0,0,0,0,0,0,0,0,0,0,0,0,0,0,0,0,0,0,0,0,0,0,0,0
13,2020-02-04,479,0,0,0,2,0,0,0,0,0,0,2,1,2,1,0,1,0,1,0,0,0,1,0,0,0,0,0,0,0,1,0,0,0,0,0,0,0,0,0,0,0,0,0,0,0,0,0,0,0,0,0,0,0,0,0,0,0,0,0,0,0,0,0,0,0,0,0,0,0,0,0,0,0,0,0,0,0,0,0,0,0,0,0,0,0
14,2020-02-05,549,0,0,0,2,0,0,0,0,0,0,2,1,2,1,0,1,0,1,0,0,0,1,1,0,1,0,0,0,0,1,0,0,0,0,0,0,0,0,0,0,0,0,0,0,0,0,0,0,0,0,0,0,0,0,0,0,0,0,0,0,0,0,0,0,0,0,0,0,0,0,0,0,0,0,0,0,0,0,0,0,0,0,0,0,0
15,2020-02-06,618,0,0,0,2,0,0,0,0,0,0,2,1,3,1,0,1,0,1,0,0,0,1,1,0,1,0,0,0,0,1,0,0,0,0,0,0,0,0,0,0,0,0,0,0,0,0,0,0,0,0,0,0,0,0,0,0,0,0,0,0,0,0,0,0,0,0,0,0,0,0,0,0,0,0,0,0,0,0,0,0,0,0,0,0,0
16,2020-02-07,699,0,0,1,3,0,0,0,0,0,0,2,1,3,1,0,1,0,1,0,0,0,2,1,0,1,0,0,1,0,1,0,0,0,0,0,0,0,0,0,0,0,0,0,0,0,0,0,0,0,0,0,0,0,0,0,0,0,0,0,0,0,0,0,0,0,0,0,0,0,0,0,0,0,0,0,0,0,0,0,0,0,0,0,0,0
17,2020-02-08,780,0,0,1,4,0,1,0,0,0,0,2,1,5,2,0,1,0,1,0,0,0,2,1,0,1,0,1,1,0,1,0,0,0,0,0,0,0,0,0,0,0,0,0,0,0,0,0,0,0,0,0,0,0,0,0,0,0,0,0,0,0,0,0,0,0,0,0,0,0,0,0,0,0,0,0,0,0,0,0,0,0,0,0,0,0
18,2020-02-09,871,0,0,1,6,0,1,1,0,1,0,2,1,6,2,0,1,0,2,1,0,0,3,1,0,1,0,2,1,0,1,0,0,0,0,0,0,0,0,0,0,0,0,0,0,0,0,0,0,0,0,0,0,0,0,0,0,0,0,0,0,0,0,0,0,0,0,0,0,0,0,0,0,0,0,0,0,0,0,0,0,0,0,0,0,0
19,2020-02-10,974,0,0,1,6,0,1,3,1,1,0,2,1,7,2,0,1,0,2,1,0,0,3,1,0,1,0,2,1,0,1,0,0,0,0,0,0,0,0,0,0,0,0,0,0,0,0,0,0,0,0,0,0,0,0,0,0,0,0,0,0,0,0,0,0,0,0,0,0,0,0,0,0,0,0,0,0,0,0,0,0,0,0,0,0,0
20,2020-02-11,1068,0,0,1,7,0,1,4,1,1,0,3,1,8,3,0,1,0,2,1,0,0,3,1,0,2,0,2,1,0,1,0,0,0,0,0,0,0,0,0,0,0,0,0,0,0,0,0,0,0,0,0,0,0,0,0,0,0,0,0,0,0,0,0,0,0,0,0,0,0,0,0,0,0,0,0,0,0,0,0,0,0,0,0,0,0
21,2020-02-12,1068,0,0,1,8,0,2,4,1,2,0,3,1,8,3,0,1,0,2,1,0,0,4,1,0,2,1,2,1,0,1,0,0,0,0,0,0,0,0,0,0,0,0,0,0,0,0,0,0,0,0,0,0,0,0,0,0,0,0,0,0,0,0,0,0,0,0,0,0,0,0,0,0,0,0,0,0,0,0,0,0,0,0,0,0,0
22,2020-02-13,1310,0,0,2,10,0,2,5,1,2,0,4,1,9,3,0,1,0,3,2,0,0,4,1,0,3,1,2,1,0,1,0,1,0,0,0,0,0,0,0,0,0,0,0,0,0,0,0,0,0,0,0,0,0,0,0,0,0,0,0,0,0,0,0,0,0,0,0,0,0,0,0,0,0,0,0,0,0,0,0,0,0,0,0,0,0
23,2020-02-14,1457,0,0,2,11,0,2,6,1,2,0,5,1,11,3,0,1,0,3,2,0,0,4,1,0,3,1,2,1,0,1,0,1,0,0,0,0,0,0,0,0,0,0,0,0,0,0,0,0,0,0,0,0,0,0,0,0,0,0,0,0,0,0,0,0,0,0,0,0,0,0,0,0,0,0,0,0,0,0,0,0,0,0,0,0,0
24,2020-02-15,1596,0,0,2,13,0,2,6,1,2,0,5,1,11,4,0,1,0,3,2,0,0,4,1,0,3,1,2,1,0,1,0,1,0,0,0,0,0,0,0,0,0,0,0,0,0,0,0,0,0,0,0,0,0,0,0,0,0,0,0,0,0,0,0,0,0,0,0,0,0,0,0,0,0,0,0,0,0,0,0,0,0,0,0,0,0
25,2020-02-16,1696,0,0,2,13,0,3,6,1,2,0,5,3,11,4,0,1,0,3,2,0,0,4,1,0,3,1,2,1,0,1,0,1,0,0,0,0,0,0,0,0,0,0,0,0,0,0,0,0,0,0,0,0,0,0,0,0,0,0,0,0,0,0,0,0,0,0,0,0,0,0,0,0,0,0,0,0,0,0,0,0,0,0,0,0,0
26,2020-02-17,1789,0,0,4,16,0,3,6,1,2,0,5,3,11,4,0,1,0,3,2,0,0,4,1,0,3,1,2,1,0,1,0,1,0,0,0,0,0,0,0,0,0,0,0,0,0,0,0,0,0,0,0,0,0,0,0,0,0,0,0,0,0,0,0,0,0,0,0,0,0,0,0,0,0,0,0,0,0,0,0,0,0,0,0,0,0
27,2020-02-18,1921,0,0,4,19,0,4,6,1,3,0,5,3,11,4,0,1,0,4,2,0,0,4,2,0,3,1,2,1,0,1,0,1,0,0,0,0,0,0,0,0,0,0,0,0,0,0,0,0,0,0,0,0,0,0,0,0,0,0,0,0,0,0,0,0,0,0,0,0,0,0,0,0,0,0,0,0,0,0,0,0,0,0,0,0,0
28,2020-02-19,2029,0,0,5,19,0,4,6,1,3,0,5,3,12,4,0,2,0,4,2,0,1,4,2,0,3,1,2,1,0,2,0,1,0,0,0,0,0,0,0,0,0,0,0,0,0,0,0,0,0,0,0,0,0,0,0,0,0,0,0,0,0,0,0,0,0,0,0,0,0,0,0,0,0,0,0,0,0,0,0,0,0,0,0,0,0
29,2020-02-20,2144,0,1,5,19,1,4,6,1,4,0,6,3,12,4,0,2,1,5,2,1,2,4,2,0,3,1,2,1,0,2,0,1,0,0,0,0,0,0,0,0,0,0,0,0,0,0,0,0,0,0,0,0,0,0,0,0,0,0,0,0,0,0,0,0,0,0,0,0,0,0,0,0,0,0,0,0,0,0,0,0,0,0,0,0,0
30,2020-02-21,2144,1,2,5,19,1,4,6,1,4,0,6,3,12,4,0,2,1,5,2,1,2,4,2,0,3,1,2,1,0,2,0,1,0,0,0,0,0,0,0,0,0,0,0,0,0,0,0,0,0,0,0,0,0,0,0,0,0,0,0,0,0,0,0,0,0,0,0,0,0,0,0,0,0,0,0,0,0,0,0,0,0,0,0,0,0
31,2020-02-22,2346,2,2,5,19,1,4,6,1,4,0,6,3,12,4,0,3,1,6,2,1,2,4,2,0,3,1,2,1,0,2,0,2,0,0,0,0,0,0,0,0,0,0,0,0,0,0,0,0,0,0,0,0,0,0,0,0,0,0,0,0,0,0,0,0,0,0,0,0,0,0,0,0,0,0,0,0,0,0,0,0,0,0,0,0,0
32,2020-02-23,2346,3,6,6,19,1,4,6,1,4,0,6,3,12,4,0,3,1,6,2,1,2,5,2,0,3,1,2,1,0,2,0,2,0,0,0,0,0,0,0,0,0,0,0,0,0,0,0,0,0,0,0,0,0,0,0,0,0,0,0,0,0,0,0,0,0,0,0,0,0,0,0,0,0,0,0,0,0,0,0,0,0,0,0,0,0
33,2020-02-24,2495,7,8,6,19,1,4,6,1,5,0,6,3,12,4,0,3,1,6,2,1,2,5,2,0,3,1,2,1,0,2,0,2,0,0,0,0,0,0,0,0,0,0,0,0,0,0,0,0,0,0,0,0,0,0,0,0,0,0,0,0,0,0,0,0,0,0,0,0,0,0,0,0,0,0,0,0,0,0,0,0,0,0,0,0,0
34,2020-02-25,2563,10,10,7,19,1,4,6,1,6,0,6,3,12,4,0,3,1,6,2,1,2,5,2,0,3,1,2,1,0,2,0,2,0,0,0,0,0,0,0,0,0,0,0,0,0,0,0,0,0,0,0,0,0,0,0,0,0,0,0,0,0,0,0,0,0,0,0,0,0,0,0,0,0,0,0,0,0,0,0,0,0,0,0,0,0
35,2020-02-26,2615,12,12,7,19,1,4,6,1,6,0,6,3,12,4,0,3,1,6,2,1,2,5,2,0,3,1,2,1,0,2,0,2,0,0,0,0,0,0,0,0,0,0,0,0,0,0,0,0,0,0,0,0,0,0,0,0,0,0,0,0,0,0,0,0,0,0,0,0,0,0,0,0,0,0,0,0,0,0,0,0,0,0,0,0,0
36,2020-02-27,2641,17,13,7,20,1,4,6,1,6,0,6,3,13,5,0,3,1,6,2,1,2,5,2,0,3,1,2,1,0,2,0,2,0,0,0,0,0,0,0,0,0,0,0,0,0,0,0,0,0,0,0,0,0,0,0,0,0,0,0,0,0,0,0,0,0,0,0,0,0,0,0,0,0,0,0,0,0,0,0,0,0,0,0,0,0
37,2020-02-28,2682,21,13,7,20,1,4,6,1,6,0,6,3,13,7,0,3,1,6,2,1,2,5,2,0,3,1,2,1,0,2,0,3,0,0,0,0,0,0,0,0,0,0,0,0,0,0,0,0,0,0,0,0,0,0,0,0,0,0,0,0,0,0,0,0,0,0,0,0,0,0,0,0,0,0,0,0,0,0,0,0,0,0,0,0,0
38,2020-02-29,2727,29,16,7,21,1,4,6,1,6,0,6,3,13,8,0,3,1,6,2,1,2,5,2,0,3,1,2,1,0,2,0,3,0,0,0,0,0,0,0,0,0,0,0,0,0,0,0,0,0,0,0,0,0,0,0,0,0,0,0,0,0,0,0,0,0,0,0,0,0,0,0,0,0,0,0,0,0,0,0,0,0,0,0,0,0
39,2020-03-01,2761,34,17,7,22,1,4,6,1,6,0,6,3,13,8,0,3,1,6,2,1,2,5,2,0,3,1,2,1,0,2,0,3,0,0,0,0,0,0,0,0,0,0,0,0,0,0,0,0,0,0,0,0,0,0,0,0,0,0,0,0,0,0,0,0,0,0,0,0,0,0,0,0,0,0,0,0,0,0,0,0,0,0,0,0,0
40,2020-03-02,2803,52,28,7,22,1,4,6,1,6,0,6,3,13,8,0,3,1,6,2,1,2,5,2,0,3,1,2,1,0,2,0,3,0,0,0,0,0,0,0,0,0,0,0,0,0,0,0,0,0,0,0,0,0,0,0,0,0,0,0,0,0,0,0,0,0,0,0,0,0,0,0,0,0,0,0,0,0,0,0,0,0,0,0,0,0
41,2020-03-03,2835,79,28,7,22,1,4,6,1,6,0,6,3,13,8,0,3,1,6,2,1,2,5,2,0,3,1,2,1,0,2,0,3,0,0,0,0,0,0,0,0,0,0,0,0,0,0,0,0,0,0,0,0,0,0,0,0,0,0,0,0,0,0,0,0,0,0,0,0,0,0,0,0,0,0,0,0,0,0,0,0,0,0,0,0,0
42,2020-03-04,2871,107,35,7,22,1,4,6,1,6,0,6,3,13,8,0,3,1,6,2,1,2,5,2,0,3,1,2,1,0,2,0,3,0,0,0,0,0,0,0,0,0,0,0,0,0,0,0,0,0,0,0,0,0,0,0,0,0,0,0,0,0,0,0,0,0,0,0,0,0,0,0,0,0,0,0,0,0,0,0,0,0,0,0,0,0
43,2020-03-05,2902,148,35,7,22,1,4,6,1,6,0,6,3,13,8,0,3,1,6,2,1,2,6,2,0,3,1,2,1,0,2,0,3,0,0,0,0,0,0,0,0,0,0,0,0,0,0,0,0,0,0,0,0,0,0,0,0,0,0,0,0,0,0,0,0,0,0,0,0,0,0,0,0,0,0,0,0,0,0,0,0,0,0,0,0,0
44,2020-03-06,2931,197,42,7,22,1,4,6,1,6,0,6,3,13,8,0,3,1,6,2,1,2,6,2,0,3,1,2,1,0,2,0,3,0,0,0,0,0,0,0,0,0,0,0,0,0,0,0,0,0,0,0,0,0,0,0,0,0,0,0,0,0,0,0,0,0,0,0,0,0,0,0,0,0,0,0,0,0,0,0,0,0,0,0,0,0
45,2020-03-07,2959,233,44,7,22,1,4,6,1,6,0,6,3,13,8,0,3,1,6,2,1,2,6,2,0,3,1,2,1,0,2,0,3,0,0,0,0,0,0,0,0,0,0,0,0,0,0,0,0,0,0,0,0,0,0,0,0,0,0,0,0,0,0,0,0,0,0,0,0,0,0,0,0,0,0,0,0,0,0,0,0,0,0,0,0,0
46,2020-03-08,2986,366,50,7,22,1,4,6,1,6,0,6,3,13,8,0,3,1,6,2,1,2,6,2,0,3,1,2,1,0,3,0,3,0,0,0,0,0,0,0,0,0,0,0,0,0,0,0,0,0,0,0,0,0,0,0,0,0,0,0,0,0,0,0,0,0,0,0,0,0,0,0,0,0,0,0,0,0,0,0,0,0,0,0,0,0
47,2020-03-09,3008,463,53,8,22,1,4,6,1,6,0,6,3,13,8,0,3,1,6,2,1,2,6,2,0,3,1,2,1,0,3,0,3,0,0,0,0,0,0,0,0,0,0,0,0,0,0,0,0,0,0,0,0,0,0,0,0,0,0,0,0,0,0,0,0,0,0,0,0,0,0,0,0,0,0,0,0,0,0,0,0,0,0,0,0,0
48,2020-03-10,3024,631,54,8,22,1,4,6,1,6,0,6,3,13,8,28,3,1,6,2,1,2,6,2,0,3,1,2,1,23,3,0,3,0,2,0,0,0,0,2,1,0,0,0,0,0,0,0,0,0,0,0,0,0,0,0,0,0,0,0,0,0,0,0,0,0,0,0,0,0,0,0,0,0,0,0,0,0,0,0,0,0,0,0,0,0
49,2020-03-11,3046,827,60,8,22,1,4,6,1,6,0,6,3,13,8,36,3,1,6,2,1,2,6,2,0,3,1,2,1,29,3,0,3,0,3,0,0,0,0,2,1,0,0,0,0,0,0,0,0,0,0,0,0,0,0,0,0,0,0,0,0,0,0,0,0,0,0,0,0,1,0,0,0,0,0,0,0,0,0,0,0,0,0,0,0,0
50,2020-03-12,3056,827,66,8,22,1,4,6,1,6,0,6,3,13,8,40,3,1,6,2,2,2,6,2,0,3,1,2,1,31,3,0,3,0,4,0,0,0,0,2,1,1,0,0,0,0,0,0,0,0,0,0,0,0,0,0,0,0,0,0,0,0,0,0,0,0,0,0,0,1,0,0,0,0,0,0,0,0,0,0,0,0,0,0,0,0
51,2020-03-13,3062,1266,66,8,22,1,4,6,1,7,0,6,3,13,8,47,3,1,6,2,2,2,6,2,0,3,1,2,1,37,4,0,3,0,4,0,0,0,0,2,1,1,0,0,0,0,0,0,0,0,0,0,0,0,0,0,0,0,0,0,0,0,0,0,0,0,0,0,0,1,0,0,1,0,0,0,0,0,0,0,0,0,0,0,0,0
52,2020-03-14,3075,1441,72,8,22,1,4,6,1,7,0,6,3,13,8,54,3,1,6,2,2,2,6,2,0,3,1,2,1,37,4,2,3,0,5,0,0,1,0,3,1,1,0,1,0,0,1,0,0,0,0,0,0,0,0,0,0,0,0,0,0,0,0,0,0,0,0,0,0,1,0,0,1,0,0,0,0,0,0,0,0,0,0,0,0,0
53,2020-03-15,3085,1809,75,8,22,1,4,6,1,7,0,6,3,13,8,63,3,1,6,2,2,2,6,2,0,3,1,2,1,40,4,3,3,0,6,0,0,1,0,4,2,1,0,2,0,0,1,1,0,0,0,0,0,0,0,0,0,0,0,0,0,0,0,0,0,0,0,0,0,1,0,0,1,0,0,0,0,0,0,0,0,0,0,0,0,0
54,2020-03-16,3099,2158,75,8,22,1,4,6,1,7,0,6,3,13,8,85,3,1,6,2,2,2,6,2,0,3,1,2,1,48,4,10,3,0,7,0,0,1,0,5,2,1,0,3,0,0,1,1,0,0,0,0,0,0,1,0,1,0,1,0,0,1,0,0,0,0,0,0,0,1,0,0,1,0,0,0,0,0,0,0,0,0,0,0,0,0
